{
  "depts": [
    "武汉基建制造行业组",
    "成都站",
    "西安站",
    "长沙站",
    "武汉能源交通行业组",
    "重庆站",
    "郑州站",
    "武汉金融行业组",
    "其他"
  ],
  "perf26": {
    "武汉基建制造行业组": 234.02,
    "成都站": 115.73,
    "西安站": 88.46,
    "长沙站": 65.27,
    "武汉能源交通行业组": 62.59,
    "重庆站": 62.3,
    "郑州站": 28.18,
    "武汉金融行业组": 19.2,
    "其他": 9.59
  },
  "perf25": {
    "武汉基建制造行业组": 753.19,
    "成都站": 606.4,
    "西安站": 245.77,
    "长沙站": 395.05,
    "武汉能源交通行业组": 504.07,
    "重庆站": 315.63,
    "郑州站": 232.47,
    "武汉金融行业组": 552.34,
    "其他": 230.71
  },
  "target": {
    "武汉基建制造行业组": 1302.0,
    "武汉金融行业组": 567.0,
    "武汉能源交通行业组": 629.999999999999,
    "西安站": 441.0,
    "长沙站": 524.999999999998,
    "郑州站": 441.0,
    "成都站": 1155.0,
    "重庆站": 525.0,
    "中西部大区": 5586.0
  },
  "sales_count": {
    "武汉基建制造行业组": 8,
    "成都站": 18,
    "西安站": 8,
    "长沙站": 9,
    "武汉能源交通行业组": 11,
    "重庆站": 11,
    "郑州站": 8,
    "武汉金融行业组": 5,
    "其他": 2
  },
  "dept_debt": {
    "武汉基建制造行业组": 0.0,
    "成都站": 0.0,
    "西安站": 0.0,
    "长沙站": 0.0,
    "武汉能源交通行业组": 0.0,
    "重庆站": 0.0,
    "郑州站": 0.0,
    "武汉金融行业组": 0.0,
    "其他": 0.0
  },
  "receipt": {
    "武汉基建制造行业组": 586.0,
    "成都站": 265.19,
    "西安站": 256.94,
    "长沙站": 264.92,
    "武汉能源交通行业组": 371.96,
    "重庆站": 166.11,
    "郑州站": 70.11,
    "武汉金融行业组": 222.65,
    "其他": 3.74
  },
  "debt_cycle": {
    "其他": 0,
    "成都站": 0,
    "武汉基建制造行业组": 40.6,
    "武汉能源交通行业组": 0,
    "武汉金融行业组": 77.6,
    "西安站": 150.6,
    "郑州站": 84.9,
    "重庆站": 0,
    "长沙站": 0
  },
  "age_dist": {
    "30天内": 0.0,
    "30-90天": 0.0,
    "90-180天": 0.0,
    "180天以上": 0.0
  },
  "debt_by_dept_age": {
    "武汉基建制造行业组": {
      "30天内": 0.0,
      "30-90天": 0.0,
      "90-180天": 0.0,
      "180天以上": 0.0
    },
    "成都站": {
      "30天内": 0.0,
      "30-90天": 0.0,
      "90-180天": 0.0,
      "180天以上": 0.0
    },
    "西安站": {
      "30天内": 0.0,
      "30-90天": 0.0,
      "90-180天": 0.0,
      "180天以上": 0.0
    },
    "长沙站": {
      "30天内": 0.0,
      "30-90天": 0.0,
      "90-180天": 0.0,
      "180天以上": 0.0
    },
    "武汉能源交通行业组": {
      "30天内": 0.0,
      "30-90天": 0.0,
      "90-180天": 0.0,
      "180天以上": 0.0
    },
    "重庆站": {
      "30天内": 0.0,
      "30-90天": 0.0,
      "90-180天": 0.0,
      "180天以上": 0.0
    },
    "郑州站": {
      "30天内": 0.0,
      "30-90天": 0.0,
      "90-180天": 0.0,
      "180天以上": 0.0
    },
    "武汉金融行业组": {
      "30天内": 0.0,
      "30-90天": 0.0,
      "90-180天": 0.0,
      "180天以上": 0.0
    },
    "其他": {
      "30天内": 0.0,
      "30-90天": 0.0,
      "90-180天": 0.0,
      "180天以上": 0.0
    }
  }
}