{
  "depts": [
    "武汉基建制造行业组",
    "成都站",
    "西安站",
    "长沙站",
    "武汉能源交通行业组",
    "重庆站",
    "郑州站",
    "武汉金融行业组",
    "其他"
  ],
  "perf26": {
    "武汉基建制造行业组": 223.24,
    "成都站": 122.56,
    "西安站": 93.8,
    "长沙站": 72.97,
    "武汉能源交通行业组": 62.67,
    "重庆站": 62.63,
    "郑州站": 29.42,
    "武汉金融行业组": 20.4,
    "其他": 9.63
  },
  "perf25": {
    "武汉基建制造行业组": 753.19,
    "成都站": 606.4,
    "西安站": 245.77,
    "长沙站": 395.05,
    "武汉能源交通行业组": 504.07,
    "重庆站": 315.63,
    "郑州站": 232.47,
    "武汉金融行业组": 552.34,
    "其他": 230.71
  },
  "target": {
    "武汉基建制造行业组": 1302.0,
    "武汉金融行业组": 567.0,
    "武汉能源交通行业组": 629.999999999999,
    "西安站": 441.0,
    "长沙站": 524.999999999998,
    "郑州站": 441.0,
    "成都站": 1155.0,
    "重庆站": 525.0,
    "中西部大区": 5586.0
  },
  "sales_count": {
    "武汉基建制造行业组": 8,
    "成都站": 18,
    "西安站": 8,
    "长沙站": 9,
    "武汉能源交通行业组": 11,
    "重庆站": 11,
    "郑州站": 8,
    "武汉金融行业组": 5,
    "其他": 2
  },
  "dept_debt": {
    "武汉基建制造行业组": 286.97,
    "成都站": 185.56,
    "西安站": 313.8,
    "长沙站": 74.02,
    "武汉能源交通行业组": 122.26,
    "重庆站": 111.9,
    "郑州站": 156.16,
    "武汉金融行业组": 244.38,
    "其他": 22.82
  },
  "receipt": {
    "武汉基建制造行业组": 617.79,
    "成都站": 268.93,
    "西安站": 288.09,
    "长沙站": 265.0,
    "武汉能源交通行业组": 396.61,
    "重庆站": 167.98,
    "郑州站": 71.02,
    "武汉金融行业组": 230.1,
    "其他": 4.27
  },
  "debt_cycle": {
    "其他": 73.5,
    "成都站": 113.0,
    "武汉基建制造行业组": 38.7,
    "武汉能源交通行业组": 63.0,
    "武汉金融行业组": 84.7,
    "西安站": 151.3,
    "郑州站": 85.1,
    "重庆站": 84.2,
    "长沙站": 39.1
  },
  "age_dist": {
    "30天内": 599.53,
    "30-90天": 222.47,
    "90-180天": 591.79,
    "180天以上": 104.07
  },
  "debt_by_dept_age": {
    "武汉基建制造行业组": {
      "30天内": 232.28,
      "30-90天": 35.37,
      "90-180天": 17.83,
      "180天以上": 1.49
    },
    "成都站": {
      "30天内": 104.25,
      "30-90天": -34.85,
      "90-180天": 101.61,
      "180天以上": 14.55
    },
    "西安站": {
      "30天内": 81.68,
      "30-90天": 75.02,
      "90-180天": 142.1,
      "180天以上": 15.0
    },
    "长沙站": {
      "30天内": 50.83,
      "30-90天": 16.1,
      "90-180天": 5.95,
      "180天以上": 1.13
    },
    "武汉能源交通行业组": {
      "30天内": 39.44,
      "30-90天": 13.93,
      "90-180天": 68.81,
      "180天以上": 0.07
    },
    "重庆站": {
      "30天内": 32.62,
      "30-90天": 15.55,
      "90-180天": 51.99,
      "180天以上": 11.75
    },
    "郑州站": {
      "30天内": 25.72,
      "30-90天": 49.58,
      "90-180天": 79.17,
      "180天以上": 1.69
    },
    "武汉金融行业组": {
      "30天内": 16.13,
      "30-90天": 48.35,
      "90-180天": 121.82,
      "180天以上": 58.09
    },
    "其他": {
      "30天内": 16.58,
      "30-90天": 3.42,
      "90-180天": 2.51,
      "180天以上": 0.3
    }
  }
}