{
  "depts": [
    "武汉基建制造行业组",
    "成都站",
    "西安站",
    "长沙站",
    "武汉能源交通行业组",
    "重庆站",
    "郑州站",
    "武汉金融行业组",
    "其他"
  ],
  "perf26": {
    "武汉基建制造行业组": 234.08,
    "成都站": 117.28,
    "西安站": 92.1,
    "长沙站": 65.12,
    "武汉能源交通行业组": 62.67,
    "重庆站": 62.3,
    "郑州站": 29.34,
    "武汉金融行业组": 20.31,
    "其他": 9.63
  },
  "perf25": {
    "武汉基建制造行业组": 753.19,
    "成都站": 606.4,
    "西安站": 245.77,
    "长沙站": 395.05,
    "武汉能源交通行业组": 504.07,
    "重庆站": 315.63,
    "郑州站": 232.47,
    "武汉金融行业组": 552.34,
    "其他": 230.71
  },
  "target": {
    "武汉基建制造行业组": 1302.0,
    "武汉金融行业组": 567.0,
    "武汉能源交通行业组": 629.999999999999,
    "西安站": 441.0,
    "长沙站": 524.999999999998,
    "郑州站": 441.0,
    "成都站": 1155.0,
    "重庆站": 525.0,
    "中西部大区": 5586.0
  },
  "sales_count": {
    "武汉基建制造行业组": 8,
    "成都站": 18,
    "西安站": 8,
    "长沙站": 9,
    "武汉能源交通行业组": 11,
    "重庆站": 11,
    "郑州站": 8,
    "武汉金融行业组": 5,
    "其他": 2
  },
  "dept_debt": {
    "武汉基建制造行业组": 316.5,
    "成都站": 182.23,
    "西安站": 343.2,
    "长沙站": 66.27,
    "武汉能源交通行业组": 147.4,
    "重庆站": 113.45,
    "郑州站": 156.93,
    "武汉金融行业组": 245.11,
    "其他": 22.82
  },
  "receipt": {
    "武汉基建制造行业组": 596.63,
    "成都站": 266.99,
    "西安站": 256.99,
    "长沙站": 264.92,
    "武汉能源交通行业组": 371.47,
    "重庆站": 166.11,
    "郑州站": 70.18,
    "武汉金融行业组": 229.28,
    "其他": 4.27
  },
  "debt_cycle": {
    "其他": 72.5,
    "成都站": 112.4,
    "武汉基建制造行业组": 48.7,
    "武汉能源交通行业组": 61.6,
    "武汉金融行业组": 84.8,
    "西安站": 152.1,
    "郑州站": 84.9,
    "重庆站": 83.1,
    "长沙站": 38.4
  },
  "age_dist": {
    "30天内": 603.51,
    "30-90天": 242.0,
    "90-180天": 645.92,
    "180天以上": 102.48
  },
  "debt_by_dept_age": {
    "武汉基建制造行业组": {
      "30天内": 232.58,
      "30-90天": 56.2,
      "90-180天": 28.68,
      "180天以上": -0.96
    },
    "成都站": {
      "30天内": 99.61,
      "30-90天": -34.87,
      "90-180天": 102.95,
      "180天以上": 14.55
    },
    "西安站": {
      "30天内": 79.98,
      "30-90天": 75.02,
      "90-180天": 172.34,
      "180天以上": 15.86
    },
    "长沙站": {
      "30天内": 43.09,
      "30-90天": 16.1,
      "90-180天": 5.95,
      "180天以上": 1.13
    },
    "武汉能源交通行业组": {
      "30天内": 52.89,
      "30-90天": 13.93,
      "90-180天": 80.51,
      "180天以上": 0.07
    },
    "重庆站": {
      "30天内": 35.76,
      "30-90天": 13.95,
      "90-180天": 51.99,
      "180天以上": 11.75
    },
    "郑州站": {
      "30天内": 26.17,
      "30-90天": 49.91,
      "90-180天": 79.17,
      "180天以上": 1.69
    },
    "武汉金融行业组": {
      "30天内": 16.86,
      "30-90天": 48.35,
      "90-180天": 121.82,
      "180天以上": 58.09
    },
    "其他": {
      "30天内": 16.58,
      "30-90天": 3.42,
      "90-180天": 2.51,
      "180天以上": 0.3
    }
  }
}