{
  "depts": [
    "武汉基建制造行业组",
    "成都站",
    "西安站",
    "长沙站",
    "武汉能源交通行业组",
    "重庆站",
    "郑州站",
    "武汉金融行业组",
    "其他"
  ],
  "perf26": {
    "武汉基建制造行业组": 223.35,
    "成都站": 124.95,
    "西安站": 98.2,
    "长沙站": 73.37,
    "武汉能源交通行业组": 62.67,
    "重庆站": 62.63,
    "郑州站": 29.42,
    "武汉金融行业组": 20.75,
    "其他": 9.66
  },
  "perf25": {
    "武汉基建制造行业组": 753.19,
    "成都站": 606.4,
    "西安站": 245.77,
    "长沙站": 395.05,
    "武汉能源交通行业组": 504.07,
    "重庆站": 315.63,
    "郑州站": 232.47,
    "武汉金融行业组": 552.34,
    "其他": 230.71
  },
  "target": {
    "武汉基建制造行业组": 1302.0,
    "武汉金融行业组": 567.0,
    "武汉能源交通行业组": 629.999999999999,
    "西安站": 441.0,
    "长沙站": 524.999999999998,
    "郑州站": 441.0,
    "成都站": 1155.0,
    "重庆站": 525.0,
    "中西部大区": 5586.0
  },
  "sales_count": {
    "武汉基建制造行业组": 7,
    "成都站": 16,
    "西安站": 5,
    "长沙站": 8,
    "武汉能源交通行业组": 9,
    "重庆站": 8,
    "郑州站": 8,
    "武汉金融行业组": 5,
    "其他": 2
  },
  "dept_debt": {
    "武汉基建制造行业组": 287.07,
    "成都站": 187.2,
    "西安站": 318.2,
    "长沙站": 58.31,
    "武汉能源交通行业组": 120.77,
    "重庆站": 111.88,
    "郑州站": 145.14,
    "武汉金融行业组": 244.74,
    "其他": 22.65
  },
  "receipt": {
    "武汉基建制造行业组": 617.79,
    "成都站": 270.29,
    "西安站": 288.09,
    "长沙站": 281.12,
    "武汉能源交通行业组": 398.1,
    "重庆站": 168.0,
    "郑州站": 82.04,
    "武汉金融行业组": 230.1,
    "其他": 4.47
  },
  "debt_cycle": {
    "其他": 76.4,
    "成都站": 113.1,
    "武汉基建制造行业组": 39.5,
    "武汉能源交通行业组": 61.2,
    "武汉金融行业组": 83.5,
    "西安站": 152.9,
    "郑州站": 86.3,
    "重庆站": 85.7,
    "长沙站": 39.9
  },
  "age_dist": {
    "30天内": 579.55,
    "30-90天": 221.77,
    "90-180天": 590.52,
    "180天以上": 104.12
  },
  "debt_by_dept_age": {
    "武汉基建制造行业组": {
      "30天内": 232.38,
      "30-90天": 35.37,
      "90-180天": 17.83,
      "180天以上": 1.49
    },
    "成都站": {
      "30天内": 106.2,
      "30-90天": -34.83,
      "90-180天": 101.24,
      "180天以上": 14.59
    },
    "西安站": {
      "30天内": 86.08,
      "30-90天": 75.02,
      "90-180天": 142.1,
      "180天以上": 15.0
    },
    "长沙站": {
      "30天内": 35.13,
      "30-90天": 16.1,
      "90-180天": 5.95,
      "180天以上": 1.13
    },
    "武汉能源交通行业组": {
      "30天内": 39.39,
      "30-90天": 13.87,
      "90-180天": 67.43,
      "180天以上": 0.07
    },
    "重庆站": {
      "30天内": 32.59,
      "30-90天": 15.05,
      "90-180天": 52.48,
      "180天以上": 11.75
    },
    "郑州站": {
      "30天内": 14.71,
      "30-90天": 49.58,
      "90-180天": 79.17,
      "180天以上": 1.69
    },
    "武汉金融行业组": {
      "30天内": 16.48,
      "30-90天": 48.35,
      "90-180天": 121.82,
      "180天以上": 58.09
    },
    "其他": {
      "30天内": 16.57,
      "30-90天": 3.26,
      "90-180天": 2.51,
      "180天以上": 0.3
    }
  }
}