{
  "depts": [
    "武汉基建制造行业组",
    "成都站",
    "西安站",
    "郑州站",
    "长沙站",
    "重庆站",
    "武汉能源交通行业组",
    "武汉金融行业组",
    "其他"
  ],
  "perf26": {
    "武汉基建制造行业组": 237.71,
    "成都站": 130.39,
    "西安站": 101.15,
    "郑州站": 90.94,
    "长沙站": 90.38,
    "重庆站": 63.09,
    "武汉能源交通行业组": 62.67,
    "武汉金融行业组": 21.92,
    "其他": 9.69
  },
  "perf25": {
    "武汉基建制造行业组": 753.19,
    "成都站": 606.4,
    "西安站": 245.77,
    "郑州站": 232.47,
    "长沙站": 395.05,
    "重庆站": 315.63,
    "武汉能源交通行业组": 504.07,
    "武汉金融行业组": 552.34,
    "其他": 230.71
  },
  "target": {
    "武汉基建制造行业组": 1302.0,
    "武汉金融行业组": 567.0,
    "武汉能源交通行业组": 629.999999999999,
    "西安站": 441.0,
    "长沙站": 524.999999999998,
    "郑州站": 441.0,
    "成都站": 1155.0,
    "重庆站": 525.0,
    "中西部大区": 5586.0
  },
  "sales_count": {
    "武汉基建制造行业组": 7,
    "成都站": 16,
    "西安站": 5,
    "郑州站": 8,
    "长沙站": 8,
    "重庆站": 8,
    "武汉能源交通行业组": 9,
    "武汉金融行业组": 5,
    "其他": 2
  },
  "dept_debt": {
    "武汉基建制造行业组": 297.34,
    "成都站": 105.61,
    "西安站": 320.3,
    "郑州站": 206.06,
    "长沙站": 75.19,
    "重庆站": 112.11,
    "武汉能源交通行业组": 112.4,
    "武汉金融行业组": 245.92,
    "其他": 0.0
  },
  "receipt": {
    "武汉基建制造行业组": 621.89,
    "成都站": 278.95,
    "西安站": 288.93,
    "郑州站": 82.64,
    "长沙站": 281.26,
    "重庆站": 168.22,
    "武汉能源交通行业组": 404.4,
    "武汉金融行业组": 230.1,
    "其他": 4.42
  },
  "debt_cycle": {
    "成都站": 19.4,
    "成都能源制造行业组": 105.8,
    "成都金融行业组": 219.3,
    "武汉基建制造行业组": 42.0,
    "武汉能源交通行业组": 64.1,
    "武汉通讯互联网行业组": 92.9,
    "武汉金融行业组": 78.1,
    "西安站": 159.5,
    "郑州站": 86.3,
    "重庆站": 91.2,
    "长沙站": 42.1
  },
  "age_dist": {
    "30天内": 547.14,
    "30-90天": 337.86,
    "90-180天": 589.23,
    "180天以上": 103.87
  },
  "debt_by_dept_age": {
    "武汉基建制造行业组": {
      "30天内": 238.28,
      "30-90天": 40.31,
      "90-180天": 17.26,
      "180天以上": 1.49
    },
    "成都站": {
      "30天内": 45.93,
      "30-90天": 59.68,
      "90-180天": 0.0,
      "180天以上": 0.0
    },
    "西安站": {
      "30天内": 58.34,
      "30-90天": 104.86,
      "90-180天": 142.09,
      "180天以上": 15.01
    },
    "郑州站": {
      "30天内": 73.47,
      "30-90天": 51.78,
      "90-180天": 79.11,
      "180天以上": 1.71
    },
    "长沙站": {
      "30天内": 34.13,
      "30-90天": 34.08,
      "90-180天": 5.85,
      "180天以上": 1.13
    },
    "重庆站": {
      "30天内": 32.92,
      "30-90天": 14.96,
      "90-180天": 52.48,
      "180天以上": 11.75
    },
    "武汉能源交通行业组": {
      "30天内": 25.32,
      "30-90天": 20.4,
      "90-180天": 66.67,
      "180天以上": 0.0
    },
    "武汉金融行业组": {
      "30天内": 17.35,
      "30-90天": 48.65,
      "90-180天": 121.82,
      "180天以上": 58.1
    },
    "其他": {
      "30天内": 0.0,
      "30-90天": 0.0,
      "90-180天": 0.0,
      "180天以上": 0.0
    }
  }
}