{
  "depts": [
    "武汉基建制造行业组",
    "成都站",
    "西安站",
    "长沙站",
    "武汉能源交通行业组",
    "重庆站",
    "郑州站",
    "武汉金融行业组",
    "其他"
  ],
  "perf26": {
    "武汉基建制造行业组": 237.71,
    "成都站": 125.78,
    "西安站": 99.98,
    "长沙站": 77.85,
    "武汉能源交通行业组": 62.67,
    "重庆站": 62.63,
    "郑州站": 29.51,
    "武汉金融行业组": 21.06,
    "其他": 9.66
  },
  "perf25": {
    "武汉基建制造行业组": 753.19,
    "成都站": 606.4,
    "西安站": 245.77,
    "长沙站": 395.05,
    "武汉能源交通行业组": 504.07,
    "重庆站": 315.63,
    "郑州站": 232.47,
    "武汉金融行业组": 552.34,
    "其他": 230.71
  },
  "target": {
    "武汉基建制造行业组": 1302.0,
    "武汉金融行业组": 567.0,
    "武汉能源交通行业组": 629.999999999999,
    "西安站": 441.0,
    "长沙站": 524.999999999998,
    "郑州站": 441.0,
    "成都站": 1155.0,
    "重庆站": 525.0,
    "中西部大区": 5586.0
  },
  "sales_count": {
    "武汉基建制造行业组": 7,
    "成都站": 16,
    "西安站": 5,
    "长沙站": 8,
    "武汉能源交通行业组": 9,
    "重庆站": 8,
    "郑州站": 8,
    "武汉金融行业组": 5,
    "其他": 2
  },
  "dept_debt": {
    "武汉基建制造行业组": 301.44,
    "成都站": 186.83,
    "西安站": 319.98,
    "长沙站": 62.8,
    "武汉能源交通行业组": 119.9,
    "重庆站": 111.88,
    "郑州站": 144.9,
    "武汉金融行业组": 245.04,
    "其他": 22.65
  },
  "receipt": {
    "武汉基建制造行业组": 617.79,
    "成都站": 271.49,
    "西安站": 288.09,
    "长沙站": 281.12,
    "武汉能源交通行业组": 399.46,
    "重庆站": 168.0,
    "郑州站": 82.38,
    "武汉金融行业组": 230.1,
    "其他": 3.97
  },
  "debt_cycle": {
    "其他": 77.4,
    "成都站": 110.7,
    "武汉基建制造行业组": 39.9,
    "武汉能源交通行业组": 62.4,
    "武汉金融行业组": 82.4,
    "西安站": 153.5,
    "郑州站": 85.9,
    "重庆站": 86.7,
    "长沙站": 39.8
  },
  "age_dist": {
    "30天内": 542.34,
    "30-90天": 279.13,
    "90-180天": 590.11,
    "180天以上": 103.83
  },
  "debt_by_dept_age": {
    "武汉基建制造行业组": {
      "30天内": 246.75,
      "30-90天": 35.37,
      "90-180天": 17.83,
      "180天以上": 1.49
    },
    "成都站": {
      "30天内": 54.52,
      "30-90天": 17.18,
      "90-180天": 101.24,
      "180天以上": 13.9
    },
    "西安站": {
      "30天内": 87.7,
      "30-90天": 75.18,
      "90-180天": 142.09,
      "180天以上": 15.01
    },
    "长沙站": {
      "30天内": 33.6,
      "30-90天": 22.11,
      "90-180天": 5.95,
      "180天以上": 1.13
    },
    "武汉能源交通行业组": {
      "30天内": 39.39,
      "30-90天": 13.01,
      "90-180天": 67.43,
      "180天以上": 0.07
    },
    "重庆站": {
      "30天内": 32.59,
      "30-90天": 15.06,
      "90-180天": 52.48,
      "180天以上": 11.75
    },
    "郑州站": {
      "30天内": 14.43,
      "30-90天": 49.61,
      "90-180天": 79.17,
      "180天以上": 1.69
    },
    "武汉金融行业组": {
      "30天内": 16.79,
      "30-90天": 48.35,
      "90-180天": 121.82,
      "180天以上": 58.09
    },
    "其他": {
      "30天内": 16.57,
      "30-90天": 3.26,
      "90-180天": 2.1,
      "180天以上": 0.71
    }
  }
}